"dataset","model","sampling","balanced_acc","balanced_acc_sd","roc","roc_sd","sens_cv","spec_cv","ppv_cv","npv_cv","optimal_threshold","sens_at_optimal","spec_at_optimal","brier_score","alpha","lambda","n.trees","interaction.depth","shrinkage","n.minobsinnode","nrounds","max_depth","eta","gamma","colsample_bytree","min_child_weight","subsample","sigma","C","mtry"
"data_25","glmnet","none",0.640523655421701,0.0722820964325674,0.934366740077121,0.0468889064898445,0.288690476190476,0.992356834652926,0.590147783251232,0.97686151807351,0.0252435605277422,0.841051505425646,0.921296296296296,0.0242267596924101,1,0.00112883789168469,NA,NA,NA,NA,NA,NA,NA,NA,NA,NA,NA,NA,NA,NA
"data_25","glmnet","up",0.878936884963025,0.0559049381675929,0.929423316496805,0.0541879758074644,0.871428571428571,0.886445198497479,0.205044336710067,0.995228698903046,0.450534702702257,0.872841204340517,0.898148148148148,0.0853185282370838,0.75,0.00379269019073225,NA,NA,NA,NA,NA,NA,NA,NA,NA,NA,NA,NA,NA,NA
"data_25","glmnet","down",0.879431919284408,0.061562491773048,0.932088285546718,0.049468284993757,0.89702380952381,0.861840029045006,0.179102590721982,0.995997853477722,0.502088924414808,0.862754088338683,0.893518518518518,0.105120137191905,0,0.263665089873036,NA,NA,NA,NA,NA,NA,NA,NA,NA,NA,NA,NA,NA,NA
"data_25","glmnet","smote",0.873598219397516,0.0616689718008083,0.934720663746207,0.0478469714374975,0.859523809523809,0.887672629271222,0.204405097215312,0.994715352075546,0.399779378441817,0.845330887971878,0.916666666666667,0.0879986221346131,0.75,0.0428133239871939,NA,NA,NA,NA,NA,NA,NA,NA,NA,NA,NA,NA,NA,NA
"data_25","glmnet","rose",0.886154224791588,0.054930246645954,0.936723953751414,0.0492632952521981,0.891666666666667,0.88064178291651,0.201428228527127,0.99588659244611,0.543786126543596,0.864129604157114,0.916666666666667,0.697602201295325,0.5,0.0127427498570313,NA,NA,NA,NA,NA,NA,NA,NA,NA,NA,NA,NA,NA,NA
"data_25","gbm","none",0.636157379147042,0.0831265833502863,0.929136413530265,0.0401844914065392,0.283928571428571,0.988386186865513,0.482613076578594,0.976638749738226,0.00737044215517601,0.821030108512915,0.907407407407407,0.0268433908677769,NA,NA,100,5,0.05,10,NA,NA,NA,NA,NA,NA,NA,NA,NA,NA
"data_25","gbm","up",0.829129512598471,0.0990499729200046,0.927813566620985,0.0485223707684076,0.734523809523809,0.923735215673132,0.240208344116295,0.990576952730617,0.197111622098188,0.849915940699985,0.865740740740741,0.059599941178686,NA,NA,100,3,0.05,20,NA,NA,NA,NA,NA,NA,NA,NA,NA,NA
"data_25","gbm","down",0.864483054752629,0.0717726303598835,0.923949986135797,0.0606515683585705,0.883333333333333,0.845632776171924,0.161690369763456,0.995445661670611,0.524860450515112,0.852208467064038,0.87962962962963,0.11551969131441,NA,NA,100,7,0.05,10,NA,NA,NA,NA,NA,NA,NA,NA,NA,NA
"data_25","gbm","smote",0.818393607704906,0.084865504196475,0.932414917183831,0.0455636627389593,0.697619047619048,0.939168167790764,0.276823284844957,0.989420184637428,0.0853050175710911,0.790463090325539,0.949074074074074,0.0499070907929995,NA,NA,100,3,0.05,20,NA,NA,NA,NA,NA,NA,NA,NA,NA,NA
"data_25","gbm","rose",0.506265622163574,0.00433898853000311,0.84588062372953,0.101200815191192,1,0.0125312443271473,0.0323472280231161,1,0.999999999961523,0.330429466605533,0.824074074074074,0.954686818714699,NA,NA,300,7,0.1,10,NA,NA,NA,NA,NA,NA,NA,NA,NA,NA
"data_25","xgbTree","none",0.611257009401725,0.092412033605927,0.916399219714697,0.0487504683186695,0.232142857142857,0.990371161660592,0.410542328042329,0.975061153518135,0.00616695918142796,0.804676753782668,0.884259259259259,0.0262790068818568,NA,NA,NA,NA,NA,NA,200,6,0.1,0,0.8,5,0.8,NA,NA,NA
"data_25","xgbTree","up",0.778296189239384,0.100895988193769,0.92377513759473,0.0506860776626317,0.6,0.956592378478768,0.317022937633551,0.98634585305361,0.0455466322600842,0.823169799786031,0.87962962962963,0.0407178150210003,NA,NA,NA,NA,NA,NA,100,4,0.05,0,0.8,5,0.8,NA,NA,NA
"data_25","xgbTree","down",0.865922986847959,0.067629582504251,0.923206038259215,0.0631553223719391,0.878571428571429,0.853274545124489,0.166566506083916,0.995307719528429,0.522419631481171,0.85847470579245,0.875,0.109830018540305,NA,NA,NA,NA,NA,NA,200,4,0.1,0,0.8,5,0.8,NA,NA,NA
"data_25","xgbTree","smote",0.783668667500514,0.10673756561871,0.930217278985659,0.0477121319054186,0.609523809523809,0.957813525477218,0.322129422864717,0.986674474685357,0.0335818529129028,0.793061286871466,0.935185185185185,0.0383068800254632,NA,NA,NA,NA,NA,NA,100,4,0.05,0,0.8,5,0.8,NA,NA,NA
"data_25","xgbTree","rose",0.506417829165096,0.00352889296309218,0.935875058099986,0.0523855530394319,1,0.0128356583301914,0.0323570741690035,1,0.983820378780365,0.887207702888583,0.875,0.737398047946287,NA,NA,NA,NA,NA,NA,200,6,0.1,0,0.8,5,0.8,NA,NA,NA
"data_25","svmRadial","none",0.58433883712255,0.0596344366215031,0.764631234652128,0.11911928755126,0.171428571428571,0.997249102816528,0.654320987654322,0.973314477014483,0.0278473129759754,0.793519792144276,0.680555555555556,0.0266502907651335,NA,NA,NA,NA,NA,NA,NA,NA,NA,NA,NA,NA,NA,0.01,0.5,NA
"data_25","svmRadial","up",0.827156506899186,0.082284812989573,0.921947182375107,0.0551829034459816,0.739285714285714,0.915027299512658,0.224261900730594,0.990642463890307,0.242806679828973,0.869478832339905,0.902777777777778,0.0689744137806217,NA,NA,NA,NA,NA,NA,NA,NA,NA,NA,NA,NA,NA,0.01,0.5,NA
"data_25","svmRadial","down",0.883375674009707,0.0561054501340648,0.935228053665436,0.0456222116030235,0.904761904761905,0.861989443257509,0.180373465828028,0.996345170316202,0.501686136678705,0.862601253247746,0.902777777777778,0.101947638910803,NA,NA,NA,NA,NA,NA,NA,NA,NA,NA,NA,NA,NA,0.01,1,NA
"data_25","svmRadial","smote",0.802061165570497,0.0891970406101757,0.921164079347126,0.0551237255997594,0.679166666666667,0.924955664474327,0.231734141081395,0.988624009496424,0.116103860358941,0.851444291609354,0.898148148148148,0.0605148953189103,NA,NA,NA,NA,NA,NA,NA,NA,NA,NA,NA,NA,NA,0.01,0.5,NA
"data_25","svmRadial","rose",0.874927661777291,0.0534883147096313,0.936316206554676,0.0503251579634719,0.863095238095238,0.886760085459344,0.202755678147055,0.994892304459316,0.278261187580989,0.823322634876968,0.939814814814815,0.0872605661475106,NA,NA,NA,NA,NA,NA,NA,NA,NA,NA,NA,NA,NA,0.01,0.5,NA
"data_25","rf","none",0.587716403745529,0.0762105354607824,0.931872704676525,0.0359793700141883,0.181547619047619,0.993885188443439,0.481377551020409,0.9735302344858,0.015,0.796423658872077,0.944444444444444,0.0249643379198106,NA,NA,NA,NA,NA,NA,NA,NA,NA,NA,NA,NA,NA,NA,NA,25
"data_25","rf","up",0.63392009331905,0.0851495196173534,0.909684170471842,0.0520925692515408,0.279761904761905,0.988078281876196,0.454444444444445,0.976464355868394,0.019,0.797187834326761,0.875,0.0275657399023524,NA,NA,NA,NA,NA,NA,NA,NA,NA,NA,NA,NA,NA,NA,NA,20
"data_25","rf","down",0.866600487541169,0.0712904400337667,0.929799239613318,0.049244235236423,0.873809523809524,0.859391451272814,0.172274460875514,0.99507983626377,0.435,0.829436038514443,0.916666666666667,0.105153372984169,NA,NA,NA,NA,NA,NA,NA,NA,NA,NA,NA,NA,NA,NA,NA,5
"data_25","rf","smote",0.721293856761841,0.0974964939880155,0.93030147409389,0.0424377881806979,0.469642857142857,0.972944856380825,0.367264239028945,0.982303420735475,0.067,0.814305364511692,0.912037037037037,0.0319303358484983,NA,NA,NA,NA,NA,NA,NA,NA,NA,NA,NA,NA,NA,NA,NA,5
"data_25","rf","rose",0.858151577626568,0.0447458533611735,0.928487788280659,0.0570811313302582,0.955952380952381,0.760350774300755,0.117640049505634,0.998023210611944,0.603,0.81537521014825,0.935185185185185,0.210946273709129,NA,NA,NA,NA,NA,NA,NA,NA,NA,NA,NA,NA,NA,NA,NA,5
"data_28","glmnet","none",0.748262489426282,0.0919136883488065,0.96369800663212,0.0213001054599815,0.504166666666667,0.992358312185898,0.717962962962963,0.984307264926821,0.0166571137143328,0.887831603229527,0.932432432432432,0.0187110189782982,0.5,1e-04,NA,NA,NA,NA,NA,NA,NA,NA,NA,NA,NA,NA,NA,NA
"data_28","glmnet","up",0.917877668308703,0.0425419432480007,0.969201482186396,0.0198467632124645,0.91547619047619,0.920279146141215,0.278474650840537,0.997062995290654,0.482857823156981,0.916955017301038,0.918918918918919,0.0604580494334861,0.25,0.0127427498570313,NA,NA,NA,NA,NA,NA,NA,NA,NA,NA,NA,NA,NA,NA
"data_28","glmnet","down",0.911530638901329,0.0404580085916298,0.968419849000206,0.0199479043135239,0.919642857142857,0.9034184206598,0.24192692309968,0.99715904609823,0.511004392757736,0.907151095732411,0.918918918918919,0.0737712599013936,0.25,0.0428133239871939,NA,NA,NA,NA,NA,NA,NA,NA,NA,NA,NA,NA,NA,NA
"data_28","glmnet","smote",0.915063193511469,0.0438934034999268,0.969771307817798,0.0199550360422306,0.905952380952381,0.924174006070558,0.288506983001918,0.996777979919326,0.527345377126702,0.928921568627451,0.905405405405405,0.058483681646499,0,0.0233572146909012,NA,NA,NA,NA,NA,NA,NA,NA,NA,NA,NA,NA,NA,NA
"data_28","glmnet","rose",0.916572436184505,0.0429425994520961,0.968439585865694,0.0187464630272406,0.919642857142857,0.913502015226153,0.263324896891066,0.997200574485089,0.508180178960142,0.911043829296424,0.923423423423423,0.81382835880227,1,0.000183298071083244,NA,NA,NA,NA,NA,NA,NA,NA,NA,NA,NA,NA,NA,NA
"data_28","gbm","none",0.731110053739364,0.0934976896866956,0.962164384431934,0.0217260793900409,0.47202380952381,0.990196297954919,0.643524531024531,0.983278991738823,0.00126711290545568,0.882641291810842,0.923423423423423,0.0216023259522428,NA,NA,200,5,0.1,20,NA,NA,NA,NA,NA,NA,NA,NA,NA,NA
"data_28","gbm","up",0.889727322485943,0.069493529574482,0.963715311098316,0.0222589444785384,0.83452380952381,0.944930835448077,0.339636807156606,0.994411478652367,0.30536405547215,0.91320645905421,0.891891891891892,0.0435554189002365,NA,NA,100,3,0.05,10,NA,NA,NA,NA,NA,NA,NA,NA,NA,NA
"data_28","gbm","down",0.90926661939593,0.0416545723462305,0.956516708694972,0.023737657581656,0.936309523809524,0.882223714982336,0.208119942638613,0.997742387505391,0.511388369198858,0.883217993079585,0.936936936936937,0.0975303483891976,NA,NA,300,3,0.05,10,NA,NA,NA,NA,NA,NA,NA,NA,NA,NA
"data_28","gbm","smote",0.86728833905558,0.0734990256446461,0.959625748157152,0.0192705946879318,0.791666666666667,0.942910011444494,0.320970467194522,0.993042327037383,0.337950829698978,0.920271049596309,0.873873873873874,0.043751000924496,NA,NA,100,3,0.05,20,NA,NA,NA,NA,NA,NA,NA,NA,NA,NA
"data_28","gbm","rose",0.507571092700403,0.00497947978852115,0.942606444680798,0.0398725987069566,1,0.0151421854008061,0.031473557708292,1,0.999999508823388,0.875288350634371,0.923423423423423,0.953669337588703,NA,NA,300,7,0.05,10,NA,NA,NA,NA,NA,NA,NA,NA,NA,NA
"data_28","xgbTree","none",0.671016507438921,0.0908824361402529,0.965872416103327,0.0191268194102142,0.348809523809524,0.993223491068319,0.645812807881774,0.979549787010381,0.0072349552065134,0.867935409457901,0.936936936936937,0.0208043365800823,NA,NA,NA,NA,NA,NA,200,4,0.1,0,0.8,5,0.8,NA,NA,NA
"data_28","xgbTree","up",0.832546213365179,0.0813222809403468,0.96072059440286,0.0248323766796407,0.694642857142857,0.970449569587501,0.444978608136503,0.990027365233918,0.0834208503365517,0.916089965397924,0.882882882882883,0.02798751844705,NA,NA,NA,NA,NA,NA,100,4,0.05,0,0.8,5,1,NA,NA,NA
"data_28","xgbTree","down",0.893723565706324,0.0410101855252647,0.957660214033367,0.0202772744076835,0.901190476190476,0.886256655222172,0.2130764764286,0.996493784385143,0.46144688129425,0.876730103806228,0.927927927927928,0.0841721319734127,NA,NA,NA,NA,NA,NA,100,6,0.1,0,0.8,5,0.8,NA,NA,NA
"data_28","xgbTree","smote",0.832023747325471,0.0846553114972169,0.954973023692236,0.0283969245735501,0.698214285714286,0.965833208936657,0.41620498424291,0.990125292058701,0.060390580445528,0.878316032295271,0.918918918918919,0.0310599850522418,NA,NA,NA,NA,NA,NA,100,4,0.05,0,0.8,5,0.8,NA,NA,NA
"data_28","xgbTree","rose",0.615875192814848,0.125496679745572,0.965824989870556,0.0231939925425396,0.995238095238095,0.236512290391601,0.0462632979146732,0.99979797979798,0.986730098724365,0.928489042675894,0.900900900900901,0.460749970018754,NA,NA,NA,NA,NA,NA,200,6,0.1,0,0.8,5,0.8,NA,NA,NA
"data_28","svmRadial","none",0.676192653132308,0.0839449290080794,0.879018212561932,0.0883438383590256,0.357142857142857,0.99524244912176,0.736388888888889,0.979866956791856,0.0280323074120424,0.93800461361015,0.815315315315315,0.0203043545877679,NA,NA,NA,NA,NA,NA,NA,NA,NA,NA,NA,NA,NA,0.01,0.5,NA
"data_28","svmRadial","up",0.904897186147186,0.0547828430414695,0.965040702148153,0.0224909786837277,0.864285714285714,0.945508658008658,0.352430954078551,0.995455211242384,0.245225310410235,0.912485582468281,0.932432432432432,0.0431630698116689,NA,NA,NA,NA,NA,NA,NA,NA,NA,NA,NA,NA,NA,0.01,0.5,NA
"data_28","svmRadial","down",0.915483965268448,0.0341029591160197,0.960875623760476,0.0205578007092699,0.9375,0.893467930536896,0.232742229615196,0.997793258094581,0.552083122316275,0.905853517877739,0.932432432432432,0.0783717751586789,NA,NA,NA,NA,NA,NA,NA,NA,NA,NA,NA,NA,NA,0.01,5,NA
"data_28","svmRadial","smote",0.881932626760213,0.069590943572693,0.963352361582041,0.0230115053070477,0.810714285714286,0.95315096780614,0.382604919957525,0.99373264649844,0.185233871063141,0.916955017301038,0.918918918918919,0.0384075334224901,NA,NA,NA,NA,NA,NA,NA,NA,NA,NA,NA,NA,NA,0.01,0.5,NA
"data_28","svmRadial","rose",0.909361782853162,0.0543078561674029,0.968238252066762,0.0216717393748368,0.891666666666667,0.927056899039658,0.290217018393084,0.996309692340848,0.378386731397581,0.907727797001153,0.927927927927928,0.0563957045427225,NA,NA,NA,NA,NA,NA,NA,NA,NA,NA,NA,NA,NA,0.01,0.5,NA
"data_28","rf","none",0.694384112056526,0.0887384919625137,0.952072448624173,0.0453179209188838,0.395833333333333,0.992934890779718,0.687764550264551,0.980937943908596,0.037,0.885524798154556,0.918918918918919,0.0194305185806091,NA,NA,NA,NA,NA,NA,NA,NA,NA,NA,NA,NA,NA,NA,NA,25
"data_28","rf","up",0.663002873563218,0.0709411049535404,0.947104906160479,0.0325339828401074,0.338690476190476,0.987315270935961,0.517264957264957,0.979016312256783,0.061,0.909602076124567,0.869369369369369,0.0234388706342554,NA,NA,NA,NA,NA,NA,NA,NA,NA,NA,NA,NA,NA,NA,NA,20
"data_28","rf","down",0.901433049708912,0.0449987369404297,0.961793549054941,0.0205110485443838,0.923809523809524,0.8790565756083,0.201633357491187,0.997270993746817,0.463,0.864186851211073,0.945945945945946,0.0854216451522772,NA,NA,NA,NA,NA,NA,NA,NA,NA,NA,NA,NA,NA,NA,NA,10
"data_28","rf","smote",0.758235370950888,0.0976003792997595,0.956202023978348,0.0266027293749314,0.538095238095238,0.978375503806538,0.456736966736967,0.985076626327992,0.125,0.883794694348328,0.936936936936937,0.025749239452361,NA,NA,NA,NA,NA,NA,NA,NA,NA,NA,NA,NA,NA,NA,NA,5
"data_28","rf","rose",0.899110252774046,0.0385647547846443,0.963299570742613,0.0240810819679979,0.945833333333333,0.852387172214758,0.172927791517007,0.997985486847461,0.627,0.896049596309112,0.936936936936937,0.12271248505169,NA,NA,NA,NA,NA,NA,NA,NA,NA,NA,NA,NA,NA,NA,NA,5
"data_30","glmnet","none",0.775235130491435,0.0870011682900851,0.977392169981647,0.0214455976510844,0.555357142857143,0.995113118125727,0.834285714285714,0.984760837121223,0.0431594192549417,0.934278959810875,0.922374429223744,0.0154907927202508,0.5,0.00206913808111479,NA,NA,NA,NA,NA,NA,NA,NA,NA,NA,NA,NA,NA,NA
"data_30","glmnet","up",0.930356743654271,0.0430647341683128,0.973382323509749,0.0251743808023439,0.922023809523809,0.938689677784733,0.350892361157336,0.99716342582209,0.510410710180813,0.940425531914894,0.922374429223744,0.0519055652013642,0.25,0.00695192796177561,NA,NA,NA,NA,NA,NA,NA,NA,NA,NA,NA,NA,NA,NA
"data_30","glmnet","down",0.918824278347662,0.042884257019001,0.966933813228412,0.026692568526028,0.930952380952381,0.906696175742943,0.263558901577878,0.99741977366399,0.530727234596741,0.911741528762805,0.931506849315068,0.0715926360699178,0.75,0.0127427498570313,NA,NA,NA,NA,NA,NA,NA,NA,NA,NA,NA,NA,NA,NA
"data_30","glmnet","smote",0.928639186605519,0.0420061131664542,0.973353647436798,0.0240698261701927,0.921428571428571,0.935849801782467,0.339484178584461,0.997163688719269,0.480595984910571,0.932072498029945,0.926940639269406,0.0513246129580072,0.5,0.0233572146909012,NA,NA,NA,NA,NA,NA,NA,NA,NA,NA,NA,NA,NA,NA
"data_30","glmnet","rose",0.921513229050898,0.0410710148459705,0.974108486840144,0.0255857193451052,0.917261904761905,0.925764553339891,0.30558274889614,0.99696632041769,0.433461403483,0.934121355397951,0.91324200913242,0.842035697197627,0.25,0.00112883789168469,NA,NA,NA,NA,NA,NA,NA,NA,NA,NA,NA,NA,NA,NA
"data_30","gbm","none",0.762769967595372,0.0966611075276668,0.967133933627998,0.0348939273544843,0.53452380952381,0.991016125666935,0.739107744107744,0.984088110859002,0.00111196449368882,0.88274231678487,0.936073059360731,0.0196108128935224,NA,NA,300,5,0.05,10,NA,NA,NA,NA,NA,NA,NA,NA,NA,NA
"data_30","gbm","up",0.894625930941097,0.07079230056601,0.972494562856887,0.0223698327694545,0.84047619047619,0.948775671406003,0.372415421237403,0.9942470626708,0.279487717318215,0.921985815602837,0.91324200913242,0.0393575890955593,NA,NA,100,3,0.05,20,NA,NA,NA,NA,NA,NA,NA,NA,NA,NA
"data_30","gbm","down",0.917147998875845,0.0441044596728377,0.963096329249754,0.0268692104435762,0.939285714285714,0.895010283465975,0.247112834584857,0.997709452406386,0.534540376788855,0.89866036249015,0.940639269406393,0.0833540634808018,NA,NA,200,3,0.05,20,NA,NA,NA,NA,NA,NA,NA,NA,NA,NA
"data_30","gbm","smote",0.888832619026328,0.0733218130134985,0.970802208816103,0.0187322800674295,0.823214285714286,0.954450952338371,0.397984274497432,0.993624821401731,0.232377258803442,0.915208825847124,0.917808219178082,0.0366325315782445,NA,NA,100,3,0.05,10,NA,NA,NA,NA,NA,NA,NA,NA,NA,NA
"data_30","gbm","rose",0.507569525172136,0.00483703275065671,0.959559292005723,0.0371009700493412,1,0.0151390503442726,0.0338587575780294,1,0.990017108787993,0.883057525610717,0.940639269406393,0.883785143013744,NA,NA,100,7,0.05,20,NA,NA,NA,NA,NA,NA,NA,NA,NA,NA
"data_30","xgbTree","none",0.711001844849538,0.0882897299186736,0.96544656962311,0.0351367203137444,0.430357142857143,0.991646546841933,0.707592592592592,0.980560580205699,0.0123025951907039,0.900394011032309,0.926940639269406,0.0209166212167669,NA,NA,NA,NA,NA,NA,200,4,0.05,0,0.8,5,1,NA,NA,NA
"data_30","xgbTree","up",0.859871754746788,0.101254273000465,0.966917512444484,0.0327528307697987,0.75,0.969743509493577,0.482810990752167,0.99120023897491,0.070900421589613,0.910323089046493,0.917808219178082,0.028400734565971,NA,NA,NA,NA,NA,NA,100,4,0.05,0,0.8,5,0.8,NA,NA,NA
"data_30","xgbTree","down",0.906480100535251,0.0369204495070386,0.964956548098091,0.0213961147253578,0.922023809523809,0.890936391546693,0.231389928253538,0.997028632325536,0.473172724246979,0.885263987391647,0.931506849315068,0.0777548564825539,NA,NA,NA,NA,NA,NA,100,6,0.05,0,0.8,5,0.8,NA,NA,NA
"data_30","xgbTree","smote",0.846224339239407,0.106295119231602,0.965033288196795,0.0326813290663198,0.723809523809524,0.96863915466929,0.458512788953965,0.990230033935492,0.0477094203233719,0.885894405043341,0.931506849315068,0.0293193796303755,NA,NA,NA,NA,NA,NA,100,4,0.05,0,0.8,5,0.8,NA,NA,NA
"data_30","xgbTree","rose",0.773775165749032,0.102053152666345,0.968477158143952,0.0259318616637481,0.981547619047619,0.566002712450446,0.084588793628451,0.999175312037573,0.985178798437119,0.925925925925926,0.904109589041096,0.321161782682029,NA,NA,NA,NA,NA,NA,200,6,0.1,0,0.8,5,0.8,NA,NA,NA
"data_30","svmRadial","none",0.754506627832211,0.105773416177787,0.935424131760368,0.0620150539450626,0.51547619047619,0.993537065188232,0.748095238095237,0.983366870114444,0.0383808275375025,0.951615445232467,0.863013698630137,0.0172928521177949,NA,NA,NA,NA,NA,NA,NA,NA,NA,NA,NA,NA,NA,0.01,1,NA
"data_30","svmRadial","up",0.89663360202348,0.0712000870033285,0.967769358145655,0.0320886115225952,0.839285714285714,0.953981489761245,0.393196447739455,0.994287464094705,0.211695112545523,0.925925925925926,0.926940639269406,0.0378590190032706,NA,NA,NA,NA,NA,NA,NA,NA,NA,NA,NA,NA,NA,0.01,0.5,NA
"data_30","svmRadial","down",0.915847395919827,0.0490090539229146,0.961660396520228,0.0366065150632105,0.935714285714286,0.895980506125369,0.247689539072764,0.997569466084136,0.496810795664913,0.895823483057526,0.940639269406393,0.0777645348528766,NA,NA,NA,NA,NA,NA,NA,NA,NA,NA,NA,NA,NA,0.01,10,NA
"data_30","svmRadial","smote",0.880966086917643,0.0863645111877425,0.967256502216374,0.0331440690081885,0.804166666666667,0.957765507168619,0.404244971574693,0.993020303677857,0.127620792876407,0.922301024428684,0.936073059360731,0.0343198991289768,NA,NA,NA,NA,NA,NA,NA,NA,NA,NA,NA,NA,NA,0.01,0.5,NA
"data_30","svmRadial","rose",0.919344838892366,0.049095530481669,0.973662577232449,0.027764090710219,0.9,0.938689677784733,0.34377201338966,0.996333451866366,0.438331710503715,0.932702915681639,0.922374429223744,0.0477116927745071,NA,NA,NA,NA,NA,NA,NA,NA,NA,NA,NA,NA,NA,0.01,0.5,NA
"data_30","rf","none",0.753001313643583,0.0908230432046085,0.969554713148784,0.0283740914582734,0.513095238095238,0.992907389191928,0.754550264550264,0.983326325011182,0.051,0.917415287628054,0.926940639269406,0.0185568647166362,NA,NA,NA,NA,NA,NA,NA,NA,NA,NA,NA,NA,NA,NA,NA,25
"data_30","rf","up",0.7078224068846,0.0976079778180184,0.953825368171502,0.0369140491503631,0.428571428571429,0.98707338519777,0.570270562770562,0.980470991544444,0.049,0.898345153664303,0.899543378995434,0.023233491773309,NA,NA,NA,NA,NA,NA,NA,NA,NA,NA,NA,NA,NA,NA,NA,25
"data_30","rf","down",0.910527458770327,0.0458369370500808,0.962495202912158,0.0265785017824176,0.939285714285714,0.881769203254941,0.222336130241472,0.997691155018127,0.541,0.893144208037825,0.931506849315068,0.0825710645947593,NA,NA,NA,NA,NA,NA,NA,NA,NA,NA,NA,NA,NA,NA,NA,10
"data_30","rf","smote",0.784413869052942,0.10242955223279,0.963070886720064,0.0304042042662954,0.588690476190476,0.980137261915407,0.525301272801273,0.985774395634792,0.125,0.885579196217494,0.926940639269406,0.0256990347349177,NA,NA,NA,NA,NA,NA,NA,NA,NA,NA,NA,NA,NA,NA,NA,5
"data_30","rf","rose",0.906223413088744,0.0333389266754173,0.965615359250648,0.0257065599001347,0.944047619047619,0.86839920712987,0.201345196073439,0.997876043521425,0.835,0.920882584712372,0.904109589041096,0.109640020109689,NA,NA,NA,NA,NA,NA,NA,NA,NA,NA,NA,NA,NA,NA,NA,25
"data_33","glmnet","none",0.834748043052838,0.0662150517892789,0.976100782778865,0.0258907392123053,0.682738095238095,0.98675799086758,0.751117123617123,0.984336999633593,0.027534845865169,0.922374429223744,0.945205479452055,0.0218964823147451,1,0.000183298071083244,NA,NA,NA,NA,NA,NA,NA,NA,NA,NA,NA,NA,NA,NA
"data_33","glmnet","up",0.934801043705153,0.0271776494771957,0.974062296151337,0.0145377524589146,0.971428571428571,0.898173515981735,0.334458936263196,0.998519637512352,0.506655329140485,0.900228310502283,0.972602739726027,0.0771406435575825,0,0.483293023857175,NA,NA,NA,NA,NA,NA,NA,NA,NA,NA,NA,NA,NA,NA
"data_33","glmnet","down",0.928184116112198,0.0413243851466845,0.973422211350293,0.0163302846576081,0.957738095238095,0.898630136986301,0.329522026694201,0.99776364759874,0.536935515037842,0.910958904109589,0.949771689497717,0.0730677113967838,0.25,0.0784759970351461,NA,NA,NA,NA,NA,NA,NA,NA,NA,NA,NA,NA,NA,NA
"data_33","glmnet","smote",0.936170906718852,0.0275186178489995,0.974119373776908,0.0145813550812733,0.971428571428571,0.900913242009132,0.339739215997572,0.998519637512352,0.509982639947807,0.903424657534247,0.972602739726027,0.0738201712196774,0,0.483293023857175,NA,NA,NA,NA,NA,NA,NA,NA,NA,NA,NA,NA,NA,NA
"data_33","glmnet","rose",0.932261089367254,0.0294988312058411,0.973214285714286,0.0152993585546727,0.967261904761905,0.897260273972603,0.331910988767409,0.998259820148194,0.495385698942325,0.899543378995434,0.968036529680365,0.701157175060409,0,0.263665089873036,NA,NA,NA,NA,NA,NA,NA,NA,NA,NA,NA,NA,NA,NA
"data_33","gbm","none",0.790565883887802,0.0739599535386146,0.974388454011742,0.0152940168728803,0.596428571428571,0.984703196347032,0.687251082251082,0.980054819977401,0.00043749041618287,0.881963470319635,0.972602739726027,0.0263588584045018,NA,NA,300,7,0.05,20,NA,NA,NA,NA,NA,NA,NA,NA,NA,NA
"data_33","gbm","up",0.898976679712981,0.0620690660775557,0.967928489889106,0.0293086738170548,0.85297619047619,0.944977168949772,0.451214104952495,0.992383324549901,0.126679767997932,0.880365296803653,0.972602739726027,0.0420089287429608,NA,NA,100,3,0.05,20,NA,NA,NA,NA,NA,NA,NA,NA,NA,NA
"data_33","gbm","down",0.919993476842792,0.0377071708774523,0.967486138290933,0.0179046595717708,0.945238095238095,0.894748858447489,0.324769370040916,0.996962726064518,0.445032460673721,0.886529680365297,0.958904109589041,0.0782048097526613,NA,NA,100,7,0.05,20,NA,NA,NA,NA,NA,NA,NA,NA,NA,NA
"data_33","gbm","smote",0.890215264187867,0.0681087834889524,0.969108773646445,0.02056941550363,0.84047619047619,0.939954337899543,0.423823133637375,0.991642574834517,0.124743576040363,0.872831050228311,0.963470319634703,0.0451843662996648,NA,NA,100,3,0.05,20,NA,NA,NA,NA,NA,NA,NA,NA,NA,NA
"data_33","gbm","rose",0.522260273972603,0.0552996175624337,0.947896281800391,0.034457361897499,1,0.0445205479452055,0.0509376787617663,1,0.990093478249476,0.86986301369863,0.917808219178082,0.730205011487395,NA,NA,100,7,0.05,10,NA,NA,NA,NA,NA,NA,NA,NA,NA,NA
"data_33","xgbTree","none",0.766976516634051,0.091389301081638,0.973487442922374,0.0184707607328341,0.542857142857143,0.991095890410959,0.790180375180375,0.977784594683569,0.0269824136048555,0.911643835616438,0.931506849315068,0.023746444128801,NA,NA,NA,NA,NA,NA,200,4,0.05,0,0.8,5,1,NA,NA,NA
"data_33","xgbTree","up",0.870633561643836,0.0736524484839167,0.972614970645792,0.0170601594734334,0.779166666666667,0.962100456621005,0.533028545528545,0.988808884749928,0.0560619868338108,0.890867579908676,0.949771689497717,0.0330577623895641,NA,NA,NA,NA,NA,NA,100,4,0.05,0,0.8,5,0.8,NA,NA,NA
"data_33","xgbTree","down",0.915198956294847,0.0447641330651528,0.963307240704501,0.0187779337918551,0.945238095238095,0.885159817351598,0.299924656877392,0.996977819205573,0.401230126619339,0.86027397260274,0.977168949771689,0.0826978255854099,NA,NA,NA,NA,NA,NA,200,6,0.05,0,0.8,5,0.8,NA,NA,NA
"data_33","xgbTree","smote",0.8712899543379,0.0642897472664318,0.970070939334638,0.0204377206628461,0.775,0.967579908675799,0.563539793539793,0.988614425114832,0.0360199064016342,0.870776255707763,0.958904109589041,0.031659274005096,NA,NA,NA,NA,NA,NA,100,6,0.05,0,0.8,5,1,NA,NA,NA
"data_33","xgbTree","rose",0.776259784735812,0.111384990480326,0.958961187214612,0.0325518213312423,0.986309523809524,0.5662100456621,0.114821508622658,0.995080030078419,0.977613419294357,0.907305936073059,0.908675799086758,0.335154852677257,NA,NA,NA,NA,NA,NA,200,6,0.1,0,0.8,5,0.8,NA,NA,NA
"data_33","svmRadial","none",0.818586921069798,0.0860035165784655,0.966303816046967,0.0307153700000225,0.651785714285714,0.985388127853881,0.706902171902172,0.98279861420969,0.0528685199359272,0.935616438356164,0.899543378995434,0.0227758576026507,NA,NA,NA,NA,NA,NA,NA,NA,NA,NA,NA,NA,NA,0.01,0.5,NA
"data_33","svmRadial","up",0.893762230919765,0.0607298886759804,0.977784572733203,0.0131127184853016,0.829761904761905,0.957762557077626,0.510864089614089,0.991315677846267,0.0394782952724765,0.894292237442922,0.968036529680365,0.0384979662272872,NA,NA,NA,NA,NA,NA,NA,NA,NA,NA,NA,NA,NA,0.01,0.5,NA
"data_33","svmRadial","down",0.925077462491846,0.0436619638131353,0.973935909980431,0.0192728204554093,0.939880952380952,0.91027397260274,0.35365975699567,0.996825886723935,0.552027864276364,0.920319634703196,0.936073059360731,0.0669788729862325,NA,NA,NA,NA,NA,NA,NA,NA,NA,NA,NA,NA,NA,0.01,1,NA
"data_33","svmRadial","smote",0.879929060665362,0.0688574162203432,0.977291258969341,0.012573535402398,0.798214285714286,0.961643835616438,0.530597828097828,0.989763045598123,0.0237779667311234,0.896118721461187,0.968036529680365,0.0361298358066818,NA,NA,NA,NA,NA,NA,NA,NA,NA,NA,NA,NA,NA,0.01,0.5,NA
"data_33","svmRadial","rose",0.923683137638617,0.0441317091189758,0.977401337247228,0.0158459459108191,0.922023809523809,0.925342465753425,0.3980958468726,0.995888675919949,0.341905116627665,0.903881278538813,0.968036529680365,0.0573734731488624,NA,NA,NA,NA,NA,NA,NA,NA,NA,NA,NA,NA,NA,0.01,0.5,NA
"data_33","rf","none",0.758349641226354,0.0831805677617478,0.967757257012394,0.0316025266261928,0.528571428571429,0.988127853881279,0.733650793650793,0.976840638688183,0.119,0.931050228310502,0.91324200913242,0.0247555181561209,NA,NA,NA,NA,NA,NA,NA,NA,NA,NA,NA,NA,NA,NA,NA,20
"data_33","rf","up",0.73237116764514,0.0970729853821944,0.967912181996086,0.0247168594821232,0.480952380952381,0.9837899543379,0.634100529100529,0.974516554387152,0.063,0.887899543378995,0.968036529680365,0.0272651054577082,NA,NA,NA,NA,NA,NA,NA,NA,NA,NA,NA,NA,NA,NA,NA,10
"data_33","rf","down",0.92461268754077,0.0312840332321309,0.964707681017613,0.0168252337216562,0.967261904761905,0.881963470319635,0.301852764692511,0.998220741858835,0.505,0.885159817351598,0.968036529680365,0.0824223065883888,NA,NA,NA,NA,NA,NA,NA,NA,NA,NA,NA,NA,NA,NA,NA,15
"data_33","rf","smote",0.807204011741683,0.0714655604557626,0.970050554468363,0.0170957529927968,0.642261904761905,0.972146118721461,0.568851148851149,0.982084571635843,0.177,0.899543378995434,0.954337899543379,0.031343166775386,NA,NA,NA,NA,NA,NA,NA,NA,NA,NA,NA,NA,NA,NA,NA,5
"data_33","rf","rose",0.897423352902805,0.0279183941483719,0.966285469667319,0.0187073600205299,0.985714285714286,0.809132420091324,0.210461841160815,0.999163937540781,0.684,0.884474885844749,0.954337899543379,0.135390189171559,NA,NA,NA,NA,NA,NA,NA,NA,NA,NA,NA,NA,NA,NA,NA,5
"data_35","glmnet","none",0.869038660614748,0.0834000281431836,0.976989483084204,0.0280338665848957,0.757738095238095,0.9803392259914,0.771012506012506,0.981295774909851,0.100269874107727,0.951237263464338,0.934272300469484,0.0272937544350547,1,0.000335981828628378,NA,NA,NA,NA,NA,NA,NA,NA,NA,NA,NA,NA,NA,NA
"data_35","glmnet","up",0.935505255613951,0.0438549721818027,0.975297974540987,0.0283105485388541,0.953571428571429,0.917439082656474,0.484954187252949,0.996119690429993,0.444146630422815,0.897743813682678,0.976525821596244,0.0620481862977931,0.5,0.0428133239871939,NA,NA,NA,NA,NA,NA,NA,NA,NA,NA,NA,NA,NA,NA
"data_35","glmnet","down",0.933345277910495,0.0413054974090389,0.974783646736286,0.0280436967550732,0.963095238095238,0.903595317725753,0.452053114727263,0.996812204552678,0.532815321957191,0.913391557496361,0.957746478873239,0.0680330044139372,0.5,0.0428133239871939,NA,NA,NA,NA,NA,NA,NA,NA,NA,NA,NA,NA,NA,NA
"data_35","glmnet","smote",0.943796782927218,0.0480971354108428,0.979203140286215,0.0191351331600664,0.93452380952381,0.953069756330626,0.627485248955837,0.99475702131457,0.508792635414738,0.953420669577875,0.934272300469484,0.0398176650446899,1,0.00206913808111479,NA,NA,NA,NA,NA,NA,NA,NA,NA,NA,NA,NA,NA,NA
"data_35","glmnet","rose",0.932791845835324,0.0337794403096368,0.97488809068778,0.0270301887162793,0.958333333333333,0.907250358337315,0.459412673812829,0.996472771954188,0.525431529086851,0.898835516739447,0.967136150234742,0.771171418654586,0.5,0.0233572146909012,NA,NA,NA,NA,NA,NA,NA,NA,NA,NA,NA,NA,NA,NA
"data_35","gbm","none",0.820484949832776,0.107284527159896,0.971260565262895,0.022752214630698,0.65952380952381,0.981446090141742,0.773009860509861,0.974034237272731,0.0131043185126937,0.922125181950509,0.953051643192488,0.0346439518200895,NA,NA,300,5,0.05,20,NA,NA,NA,NA,NA,NA,NA,NA,NA,NA
"data_35","gbm","up",0.918895325688804,0.0618860084667038,0.966856215730439,0.0385706279504057,0.893452380952381,0.944338270425227,0.575050706374236,0.991399747050771,0.390757366078903,0.929403202328967,0.924882629107981,0.0442468755239591,NA,NA,100,3,0.05,10,NA,NA,NA,NA,NA,NA,NA,NA,NA,NA
"data_35","gbm","down",0.925028866061475,0.0440559185355204,0.963040634313926,0.0242318221554537,0.957738095238095,0.892319636884854,0.422199632869138,0.996421614354385,0.339728237472452,0.885007278020378,0.971830985915493,0.0917368113376268,NA,NA,300,3,0.1,10,NA,NA,NA,NA,NA,NA,NA,NA,NA,NA
"data_35","gbm","smote",0.911523530817009,0.065881434070798,0.96484618512957,0.0354212119108704,0.87797619047619,0.945070871157828,0.572544307544308,0.990233868630157,0.341969965442339,0.922852983988355,0.929577464788732,0.0463892526596315,NA,NA,100,3,0.05,20,NA,NA,NA,NA,NA,NA,NA,NA,NA,NA
"data_35","gbm","rose",0.512372591176939,0.0122440814581407,0.955837094453166,0.0214397937310197,1,0.024745182353878,0.0736580030066415,1,0.994465045677212,0.882459970887918,0.915492957746479,0.812109453067996,NA,NA,100,5,0.05,10,NA,NA,NA,NA,NA,NA,NA,NA,NA,NA
"data_35","xgbTree","none",0.765072065615544,0.0883941173625818,0.97166724967579,0.021017719894213,0.547619047619048,0.98252508361204,0.739603174603175,0.965855222377507,0.0473155472427607,0.924672489082969,0.943661971830986,0.0346955418724677,NA,NA,NA,NA,NA,NA,200,4,0.1,0,0.8,5,0.8,NA,NA,NA
"data_35","xgbTree","up",0.880413879598662,0.0770957788062353,0.968998987554888,0.024505410568737,0.799404761904762,0.961422997292563,0.637587782587783,0.984177413940158,0.14717872440815,0.907569141193595,0.934272300469484,0.0393526428772093,NA,NA,NA,NA,NA,NA,100,4,0.05,0,0.8,5,0.8,NA,NA,NA
"data_35","xgbTree","down",0.910946209587514,0.044724924738721,0.965198265761154,0.0242988912999012,0.938690476190476,0.883201942984552,0.398150434384618,0.994788066816982,0.502860635519028,0.88391557496361,0.938967136150235,0.0816527591324251,NA,NA,NA,NA,NA,NA,100,6,0.05,0,0.8,5,0.8,NA,NA,NA
"data_35","xgbTree","smote",0.878489807294155,0.0602440600885153,0.966664249311765,0.0260461504273851,0.803571428571429,0.953408186016882,0.591832611832612,0.984421166120902,0.201801583170891,0.918850072780204,0.948356807511737,0.0421858101790106,NA,NA,NA,NA,NA,NA,100,4,0.05,0,0.8,5,0.8,NA,NA,NA
"data_35","xgbTree","rose",0.717216117216117,0.113771253629089,0.96356168094328,0.0251608424160126,1,0.434432234432234,0.133435894677374,1,0.974258899688721,0.908296943231441,0.92018779342723,0.389013937358004,NA,NA,NA,NA,NA,NA,200,4,0.1,0,0.8,5,0.8,NA,NA,NA
"data_35","svmRadial","none",0.846629638477465,0.108712546206684,0.976763176006188,0.0223123659579424,0.710714285714286,0.982544991240643,0.788540163540164,0.977914473668521,0.0911426036243264,0.937045123726346,0.915492957746479,0.0275641343916652,NA,NA,NA,NA,NA,NA,NA,NA,NA,NA,NA,NA,NA,0.01,0.5,NA
"data_35","svmRadial","up",0.921568920210225,0.0666572500616812,0.979551168293404,0.019183082205707,0.8875,0.955637840420449,0.618741721241721,0.991107604780609,0.119024566604362,0.898835516739447,0.971830985915493,0.0387459434809127,NA,NA,NA,NA,NA,NA,NA,NA,NA,NA,NA,NA,NA,0.01,0.5,NA
"data_35","svmRadial","down",0.928992474916388,0.0446411254486395,0.974187626555639,0.0242785826592566,0.948214285714286,0.90977066411849,0.479465351550928,0.995804317461818,0.507211974289983,0.91193595342067,0.948356807511737,0.0659639044558865,NA,NA,NA,NA,NA,NA,NA,NA,NA,NA,NA,NA,NA,0.01,1,NA
"data_35","svmRadial","smote",0.920643215480172,0.0691556874514069,0.978881347689577,0.0188385904603422,0.882738095238095,0.958548335722249,0.632304917304917,0.990750198221149,0.10742796708909,0.916666666666667,0.953051643192488,0.0362440225091929,NA,NA,NA,NA,NA,NA,NA,NA,NA,NA,NA,NA,NA,0.01,0.5,NA
"data_35","svmRadial","rose",0.926631430164039,0.0532984308302632,0.977738792005096,0.0234747962645995,0.925595238095238,0.92766762223284,0.52420578332343,0.993844774816987,0.667960875046195,0.947234352256186,0.915492957746479,0.055531745520281,NA,NA,NA,NA,NA,NA,NA,NA,NA,NA,NA,NA,NA,0.01,0.5,NA
"data_35","rf","none",0.811637999681478,0.0834413525609037,0.968240826849134,0.0309974129027211,0.639285714285714,0.983990285077242,0.77968253968254,0.97253451116303,0.081,0.893740902474527,0.967136150234742,0.0321285984464708,NA,NA,NA,NA,NA,NA,NA,NA,NA,NA,NA,NA,NA,NA,NA,25
"data_35","rf","up",0.766418816690556,0.0803537462450442,0.962157055547972,0.0263418204555898,0.560119047619048,0.972718585762064,0.641931216931217,0.966266246399612,0.101,0.886826783114993,0.953051643192488,0.039223914893617,NA,NA,NA,NA,NA,NA,NA,NA,NA,NA,NA,NA,NA,NA,NA,20
"data_35","rf","down",0.91875099538143,0.0410220554958263,0.965876262712443,0.0229984254388638,0.953571428571429,0.883930562191432,0.402062036422819,0.995970234704457,0.511,0.88646288209607,0.953051643192488,0.0829486713947991,NA,NA,NA,NA,NA,NA,NA,NA,NA,NA,NA,NA,NA,NA,NA,15
"data_35","rf","smote",0.832665432393693,0.0780390657017404,0.966682059529497,0.0223935071667732,0.705357142857143,0.959973721930244,0.604157694157694,0.976910894549003,0.207,0.891921397379913,0.957746478873239,0.040202654508612,NA,NA,NA,NA,NA,NA,NA,NA,NA,NA,NA,NA,NA,NA,NA,5
"data_35","rf","rose",0.877415790731008,0.03227494208721,0.967291801754147,0.0235618914940984,0.976785714285714,0.778045867176302,0.258054169019846,0.99769738969739,0.753,0.895196506550218,0.938967136150235,0.152542211415062,NA,NA,NA,NA,NA,NA,NA,NA,NA,NA,NA,NA,NA,NA,NA,5
"data_40","glmnet","none",0.879915045830539,0.0905782468972059,0.983170610967392,0.0169446212466411,0.777777777777778,0.9820523138833,0.826455026455027,0.978669984533531,0.068094065209624,0.93342776203966,0.975845410628019,0.0289756597260475,0.75,0.00112883789168469,NA,NA,NA,NA,NA,NA,NA,NA,NA,NA,NA,NA,NA,NA
"data_40","glmnet","up",0.955813771517997,0.0274740154760149,0.982804605410239,0.0143611501988417,0.975396825396825,0.936230717639168,0.628603433603434,0.997569280676698,0.508364933791204,0.937677053824363,0.975845410628019,0.0445710659986197,0.75,0.00695192796177561,NA,NA,NA,NA,NA,NA,NA,NA,NA,NA,NA,NA,NA,NA
"data_40","glmnet","down",0.94232617929801,0.0278955268041889,0.978002618887931,0.0154126312140722,0.970634920634921,0.9140174379611,0.546090810061398,0.997028236891007,0.512504907525438,0.915486307837583,0.971014492753623,0.0606049424904315,0.75,0.0127427498570313,NA,NA,NA,NA,NA,NA,NA,NA,NA,NA,NA,NA,NA,NA
"data_40","glmnet","smote",0.954381846635368,0.0293614657453312,0.982421353517933,0.0142508409095044,0.975396825396825,0.93336686787391,0.620141990362579,0.997546656242308,0.501142950762054,0.933899905571294,0.975845410628019,0.0452163230123056,0.5,0.0127427498570313,NA,NA,NA,NA,NA,NA,NA,NA,NA,NA,NA,NA,NA,NA
"data_40","glmnet","rose",0.945666219539459,0.0286517638958462,0.979278049247868,0.0131205181456356,0.975396825396825,0.915935613682093,0.554899137240468,0.997509966500536,0.477388854159954,0.920679886685552,0.975845410628019,0.84108559787191,0.25,0.00695192796177561,NA,NA,NA,NA,NA,NA,NA,NA,NA,NA,NA,NA,NA,NA
"data_40","gbm","none",0.859224234294657,0.0912976224755032,0.978424834722621,0.0139530050306622,0.744444444444444,0.974004024144869,0.75760582010582,0.97524852391346,0.0113475909756062,0.926345609065156,0.966183574879227,0.0378866224365782,NA,NA,200,7,0.05,10,NA,NA,NA,NA,NA,NA,NA,NA,NA,NA
"data_40","gbm","up",0.937710708696624,0.055538898136003,0.979811887196193,0.0143735080648994,0.922222222222222,0.953199195171026,0.700546906796907,0.99241079846769,0.254463304222853,0.926345609065156,0.971014492753623,0.0383293796890371,NA,NA,100,3,0.05,20,NA,NA,NA,NA,NA,NA,NA,NA,NA,NA
"data_40","gbm","down",0.934585289514867,0.0373006842968093,0.972959662738335,0.0142383505970914,0.965079365079365,0.904091213950369,0.516379514162022,0.996515870026577,0.502207438540093,0.904154863078376,0.966183574879227,0.073507677614086,NA,NA,100,3,0.1,10,NA,NA,NA,NA,NA,NA,NA,NA,NA,NA
"data_40","gbm","smote",0.92734071093226,0.0553065574279969,0.973421002203698,0.01571402200929,0.907142857142857,0.947538564721663,0.656879139379139,0.99086462120191,0.425992369710926,0.944287063267233,0.917874396135266,0.0442867246006359,NA,NA,100,3,0.05,10,NA,NA,NA,NA,NA,NA,NA,NA,NA,NA
"data_40","gbm","rose",0.603316566063045,0.150226562186988,0.960600108588036,0.0250270231354835,1,0.20663313212609,0.132534551749206,1,0.989453246152802,0.880547686496695,0.927536231884058,0.550297556612255,NA,NA,100,5,0.05,10,NA,NA,NA,NA,NA,NA,NA,NA,NA,NA
"data_40","xgbTree","none",0.847917505030181,0.0930836265858993,0.980072498482961,0.0157622857761113,0.714285714285714,0.981549295774648,0.818315295815296,0.972687497329668,0.147122971713543,0.944287063267233,0.932367149758454,0.0318885950455037,NA,NA,NA,NA,NA,NA,100,4,0.05,0,0.8,5,1,NA,NA,NA
"data_40","xgbTree","up",0.942680527610105,0.0475723523746889,0.982472134393664,0.0129813680300555,0.922222222222222,0.963138832997988,0.74252701002701,0.9923895423609,0.252682343125343,0.939093484419263,0.956521739130435,0.0336675211257664,NA,NA,NA,NA,NA,NA,100,4,0.05,0,0.8,5,0.8,NA,NA,NA
"data_40","xgbTree","down",0.924625530963559,0.0454707044650627,0.972428539490914,0.0179457870528929,0.955555555555555,0.893695506371563,0.49563544069736,0.995461787601849,0.591700077056885,0.914542020774315,0.942028985507246,0.0714270226088053,NA,NA,NA,NA,NA,NA,100,6,0.1,0,0.8,5,0.8,NA,NA,NA
"data_40","xgbTree","smote",0.923970489604292,0.0627127979428499,0.978886014499697,0.0138837366251411,0.892857142857143,0.955083836351442,0.696993746993747,0.989426155222321,0.167407959699631,0.918791312559018,0.956521739130435,0.038289226373682,NA,NA,NA,NA,NA,NA,100,4,0.05,0,0.8,5,1,NA,NA,NA
"data_40","xgbTree","rose",0.8500871898055,0.0397537288158569,0.971946600236339,0.0244997763976114,1,0.700174379610999,0.255028698536157,1,0.921368986368179,0.868744098205855,0.961352657004831,0.236631343499179,NA,NA,NA,NA,NA,NA,200,4,0.1,0,0.8,5,0.8,NA,NA,NA
"data_40","svmRadial","none",0.878261792980103,0.0630452134932009,0.980868225224362,0.0166462185542761,0.777777777777778,0.978745808182428,0.806588504088504,0.978430775059331,0.0550330241003193,0.90604343720491,0.980676328502415,0.0303321026218798,NA,NA,NA,NA,NA,NA,NA,NA,NA,NA,NA,NA,NA,0.01,0.5,NA
"data_40","svmRadial","up",0.91775989268947,0.0776823399231122,0.982418638817029,0.0138593668513026,0.866666666666667,0.968853118712274,0.744331594331594,0.987103588079638,0.153747214514003,0.935316336166194,0.971014492753623,0.0315996504173336,NA,NA,NA,NA,NA,NA,NA,NA,NA,NA,NA,NA,NA,0.01,0.5,NA
"data_40","svmRadial","down",0.934793203666443,0.0415502946155306,0.978890485771774,0.0190644309831283,0.96031746031746,0.909268947015426,0.536016227780934,0.995863456780313,0.473297147274579,0.905099150141643,0.971014492753623,0.0611940848474577,NA,NA,NA,NA,NA,NA,NA,NA,NA,NA,NA,NA,NA,0.01,1,NA
"data_40","svmRadial","smote",0.912263581488934,0.076345516037522,0.980913417009996,0.0169531485229824,0.852380952380952,0.972146210596915,0.762857142857143,0.985737426357901,0.0785003450059121,0.927289896128423,0.961352657004831,0.0312974868481522,NA,NA,NA,NA,NA,NA,NA,NA,NA,NA,NA,NA,NA,0.01,0.5,NA
"data_40","svmRadial","rose",0.92882964453387,0.0525820469009785,0.981986522308454,0.0136178368269024,0.921428571428571,0.936230717639168,0.612842296592297,0.992096821886319,0.311866651792995,0.90604343720491,0.980676328502415,0.049799586509435,NA,NA,NA,NA,NA,NA,NA,NA,NA,NA,NA,NA,NA,0.01,1,NA
"data_40","rf","none",0.874379610999329,0.0849470621946135,0.978598415892178,0.0143079368877878,0.773809523809524,0.974949698189135,0.769345839345839,0.978022050004803,0.156,0.926345609065156,0.961352657004831,0.0330029178494624,NA,NA,NA,NA,NA,NA,NA,NA,NA,NA,NA,NA,NA,NA,NA,25
"data_40","rf","up",0.837418958193606,0.105412696109353,0.974234773721695,0.019955533066843,0.705555555555555,0.969282360831657,0.721179653679654,0.971501692736574,0.165,0.921152030217186,0.961352657004831,0.0380631638709677,NA,NA,NA,NA,NA,NA,NA,NA,NA,NA,NA,NA,NA,NA,NA,20
"data_40","rf","down",0.921167002012072,0.0512163382431471,0.972590144038836,0.020792411583073,0.954761904761905,0.88757209926224,0.474626323333417,0.995275155137391,0.55,0.900849858356941,0.956521739130435,0.0752050150537634,NA,NA,NA,NA,NA,NA,NA,NA,NA,NA,NA,NA,NA,NA,NA,5
"data_40","rf","smote",0.88115582383188,0.0756574709378984,0.974157803966657,0.019983312118927,0.796825396825397,0.965486250838363,0.719596144596145,0.980098678212709,0.291,0.91643059490085,0.956521739130435,0.0402969169892473,NA,NA,NA,NA,NA,NA,NA,NA,NA,NA,NA,NA,NA,NA,NA,5
"data_40","rf","rose",0.891601833221552,0.0355903966040294,0.968569512311967,0.0257082806179773,0.98968253968254,0.793521126760563,0.332940834761974,0.998859649122807,0.753,0.87724268177526,0.956521739130435,0.147408980645161,NA,NA,NA,NA,NA,NA,NA,NA,NA,NA,NA,NA,NA,NA,NA,25
